"","x"
"1","PF01580,"
"2","PF10372,PF02457,"
"3","PF03960,"
"4","PF01966,PF00013,PF12072,"
"5","PF10372,PF02457,"
"6","PF01145,PF15975,"
"7","PF00122,PF00403,PF00702,"
"8","PF18801,"
"9","PF01068,PF21686,"
"10","PF13246,PF00689,PF00690,PF00122,"
"11","PF03793,PF00069,PF21160,"
"12","PF12544,PF04055,"
"13","PF00145,"
"14","PF05670,PF05833,"
"15","PF01522,"
"16","PF00145,"
"17","PF22694,PF13180,PF03572,PF01471,"
"18","PF00293,"
"19","PF00069,"
"20","PF19402,"
"21","PF22148,PF00082,"
"22","PF05922,PF00082,"
"23","PF09388,"
"24","PF17997,PF21463,PF03944,PF00555,PF03945,"
"25","PF00072,PF08769,"
"26","PF05431,"
"27","PF00394,PF07731,PF07732,"
"28","PF04542,PF04539,PF04545,"
"29","PF02540,"
"30","PF00381,"
"31","PF00330,PF00694,"
"32","PF00072,"
"33","PF01098,"
"34","PF02518,PF00989,PF17203,PF14689,"
"35","PF05036,"
"36","PF02628,"
"37","PF03419,"
"38","PF22775,PF00082,"
"39","PF03799,PF08478,"
"40","PF01262,PF05222,"
"41","PF12327,PF00091,"
"42","PF17820,PF05580,"
"43","PF00383,"
"44","PF00923,"
"45","PF09269,PF01018,PF01926,"
"46","PF00583,"
"47","PF17854,PF09397,PF01580,"
"48","PF00496,"
"49","PF03070,"
"50","PF02581,"
"51","PF00825,"
"52","PF05036,"
"53","PF13860,PF05922,PF02225,PF00082,"
"54","PF01177,"
"55","PF09547,PF20439,PF20438,"
"56","PF05922,PF00082,"
"57","PF00004,PF17862,PF06480,PF01434,"
"58","PF01368,PF02272,PF21370,"
"59","PF10764,"
"60","PF02457,PF10635,"
"61","PF08183,"
"62","PF00113,PF03952,"
"63","PF00004,PF05362,PF22667,PF02190,"
"64","PF20903,"
"65","PF00912,PF00905,"
"66","PF00501,PF13193,"
"67","PF00583,"
"68","PF00544,"
"69","PF01451,"
"70","PF06415,PF01676,"
"71","PF06018,PF08222,"
"72","PF00912,PF00905,"
"73","PF02113,"
"74","PF01832,PF08239,PF05036,"
"75","PF07504,PF03413,PF01447,PF02868,"
"76","PF00583,"
"77","PF11009,"
"78","PF13561,"
"79","PF00912,PF00905,"
"80","PF00877,"
"81","PF07650,PF01926,"
"82","PF05223,PF03717,PF00905,"
"83","PF01451,"
"84","PF13491,PF17854,PF09397,PF01580,"
"85","PF00013,PF03726,PF01138,PF03725,PF00575,"
"86","PF02518,PF17203,"
"87","PF02777,PF00081,"
"88","PF17936,PF00082,"
"89","PF12127,"
"90","PF00270,PF00271,"
"91","PF01475,"
"92","PF03717,PF00905,"
"93","PF01694,PF14559,"
"94","PF03960,"
"95","PF12389,"
"96","PF21948,"
"97","PF02742,PF01325,"
"98","PF06491,"
"99","PF00724,"
"100","PF00912,PF00905,"
"101","PF05103,"
"102","PF02518,PF00989,PF17203,"
"103","PF11131,"
"104","PF09269,PF01018,PF01926,"
"105","PF13581,PF08448,PF07228,PF01740,"
"106","PF01580,"
"107","PF01580,"
"108","PF18801,PF13424,"
"109","PF01520,PF04122,"
"110","PF02545,"
"111","PF02687,PF18075,"
"112","PF01520,PF05036,"
"113","PF03793,PF03717,PF00905,"
"114","PF09547,PF20439,PF20438,"
"115","PF00082,"
"116","PF02195,"
"117","PF00753,PF07521,PF22505,PF17770,"
"118","PF18801,PF13176,"
"119","PF00196,"
"120","PF13490,"
"121","PF02467,"
"122","PF06415,PF01676,"
"123","PF03777,"
"124","PF02785,PF00289,PF00364,PF02786,PF00682,PF02436,"
"125","PF22525,"
"126","PF03777,"
"127","PF00120,"
"128","PF03777,"
"129","PF04686,"
"130","PF00120,PF03951,"
"131","PF13397,"
"132","PF04542,PF08281,"
"133","PF06415,PF01676,"
"134","PF03777,"
"135","PF04203,"
"136","PF21935,PF00440,"
"137","PF03330,PF05036,"
"138","PF01580,PF12538,"
"139","PF01580,"
"140","PF17854,PF09397,PF01580,"
"141","PF01654,"
"142","PF20903,"
"143","PF04066,"
"144","PF00733,PF13537,"
"145","PF00664,PF00005,"
"146","PF00664,PF00005,"
"147","PF04055,PF13186,"
"148","PF13743,"
"149","PF02743,PF02518,PF00512,"
"150","PF00082,"
"151","PF03717,PF00905,"
"152","PF07549,PF21760,PF02355,PF22599,"
"153","PF02600,"
"154","PF13462,"
"155","PF07853,PF13630,"
"156","PF08340,PF03755,"
"157","PF14185,"
"158","PF00005,"
"159","PF01476,PF03734,"
"160","PF14171,"
"161","PF02687,PF18075,"
"162","PF07728,"
"163","PF00082,"
"164","PF05431,"
"165","PF04542,PF04545,"
"166","PF01381,PF08671,"
"167","PF14689,PF14682,"
"168","PF00072,"
"169","PF01098,"
"170","PF00082,"
"171","PF13085,PF13183,"
"172","PF18277,PF04014,"
"173","PF05036,"
"174","PF07486,PF01471,"
"175","PF04397,PF00072,"
"176","PF03330,PF05036,"
"177","PF04542,PF04539,PF04545,"
"178","PF01740,"
"179","PF01047,"
"180","PF05066,"
"181","PF01116,"
"182","PF01386,PF14693,"
"183","PF02518,PF00512,PF00989,PF08447,"
"184","PF00012,"
"185","PF01316,PF02863,"
"186","PF13476,"
"187","PF01565,PF02873,"
"188","PF01219,"
"189","PF04542,PF04539,PF04545,"
"190","PF00106,"
"191","PF03418,"
"192","PF03418,"
"193","PF00072,"
"194","PF00005,PF08352,"
"195","PF00005,PF08352,"
"196","PF00528,PF19300,"
"197","PF00528,PF12911,"
"198","PF07963,"
"199","PF14173,"
"200","PF00710,PF17763,"
"201","PF04951,"
"202","PF01551,"
"203","PF02163,"
"204","PF00501,PF13193,PF00668,PF00550,"
"205","PF14450,PF02491,"
"206","PF00082,"
"207","PF00082,"
"208","PF00348,"
"209","PF07943,PF00768,"
"210","PF00578,"
"211","PF07228,PF19732,"
"212","PF00704,PF01476,"
"213","PF04014,PF15714,"
"214","PF01944,"
"215","PF00198,PF00364,PF02817,"
"216","PF00135,"
"217","PF02224,"
"218","PF00285,"
"219","PF09671,"
"220","PF02518,PF00512,PF00989,"
"221","PF02518,"
"222","PF01047,"
"223","PF00199,PF06628,PF18011,"
"224","PF05362,PF01078,"
"225","PF00285,"
"226","PF07698,PF07697,PF01966,"
"227","PF01248,"
"228","PF01048,"
"229","PF09546,"
"230","PF00072,PF08769,"
"231","PF00763,PF02882,"
"232","PF01510,PF01471,"
"233","PF04055,PF01938,PF00919,"
"234","PF03618,"
"235","PF04816,"
"236","PF00480,"
"237","PF14361,PF01740,"
"238","PF02096,"
"239","PF12706,"
"240","PF02826,PF00390,PF03949,"
"241","PF01475,"
"242","PF02682,"
"243","PF04397,PF00072,"
"244","PF18801,PF17874,"
"245","PF13091,PF13396,"
"246","PF00393,PF03446,"
"247","PF18801,PF13424,"
"248","PF13581,PF08448,PF07228,PF01740,"
"249","PF01580,"
"250","PF02096,"
"251","PF04122,PF08486,"
"252","PF03793,PF03717,PF00905,"
"253","PF00501,PF13193,PF00668,PF00550,"
"254","PF01118,PF02774,"
"255","PF01262,PF16924,"
"256","PF07943,PF00768,"
"257","PF02875,PF08245,"
"258","PF08264,PF00133,PF10458,"
"259","PF03944,PF00555,PF03945,"
"260","PF01262,PF05222,"
"261","PF00155,"
"262","PF00501,PF13193,PF00668,PF00550,PF00975,"
"263","PF00975,"
"264","PF04397,"
"265","PF13614,"
"266","PF01580,PF12538,"
"267","PF04542,PF08281,"
"268","PF00501,PF13193,PF00668,PF07993,PF00550,"
"269","PF00501,PF13193,PF00668,PF00551,PF00550,"
"270","PF13614,"
"271","PF03717,PF00905,"
"272","PF02467,"
"273","PF08970,"
"274","PF02626,"
"275","PF09547,PF20439,PF20438,"
"276","PF20903,"
"277","PF03777,"
"278","PF00381,"
"279","PF13491,PF17854,PF09397,PF01580,"
"280","PF13244,PF20501,PF00361,PF00662,"
"281","PF03777,"
"282","PF17854,PF09397,PF01580,"
"283","PF02650,PF14527,PF10298,"
"284","PF00072,PF00486,"
"285","PF13581,"
"286","PF01580,"
"287","PF01580,"
"288","PF02467,"
"289","PF02457,PF10635,"
"290","PF13581,"
"291","PF06415,PF01676,"
"292","PF17854,PF09397,PF01580,"
"293","PF17854,PF09397,PF01580,"
"294","PF02457,PF10635,"
"295","PF13581,"
"296","PF02457,PF10635,"
"297","PF13581,"
"298","PF02457,PF10635,PF12826,"
"299","PF02457,PF10635,"
"300","PF13581,"
"301","PF02457,PF10635,"
"302","PF02457,PF10635,"
"303","PF13581,"
"304","PF06415,PF01676,"
"305","PF00072,"
"306","PF13581,"
"307","PF06415,PF01676,"
"308","PF02457,PF10635,"
"309","PF13581,"
"310","PF06415,PF01676,"
"311","PF02457,PF10635,"
"312","PF13581,"
"313","PF02457,PF10635,"
"314","PF13581,"
"315","PF13581,"
"316","PF02457,PF10635,"
"317","PF02457,PF10635,"
"318","PF02457,PF10635,PF14520,"
"319","PF02457,PF10635,"
"320","PF13581,"
"321","PF02457,PF10635,"
"322","PF13581,"
"323","PF13581,"
"324","PF13581,"
"325","PF02457,PF10635,"
"326","PF13581,"
"327","PF02457,PF10635,"
"328","PF02457,PF10635,"
"329","PF13581,"
"330","PF02457,PF10635,"
"331","PF13581,"
"332","PF17762,PF02195,"
"333","PF05036,"
"334","PF13581,"
"335","PF13581,"
"336","PF02457,PF10635,"
"337","PF14034,"
"338","PF09680,"
"339","PF01580,PF12538,"
"340","PF13581,"
"341","PF02457,PF10635,"
"342","PF02457,PF10635,"
"343","PF02457,PF10635,"
"344","PF13581,"
"345","PF02457,PF10635,"
"346","PF13581,"
"347","PF02457,PF10635,"
"348","PF13581,"
"349","PF00723,"
"350","PF06415,PF01676,"
"351","PF03419,"
"352","PF06415,PF01676,"
"353","PF02650,PF14527,PF10298,"
"354","PF13072,"
"355","PF01580,"
"356","PF03944,PF00555,PF03945,"
"357","PF03334,"
"358","PF00361,"
"359","PF00929,"
"360","PF02518,PF00989,PF17203,PF14689,"
"361","PF04039,"
"362","PF00420,"
"363","PF08955,PF08977,"
"364","PF00704,PF01476,"
"365","PF13491,PF17854,PF09397,PF01580,"
"366","PF17997,PF21463,PF03944,PF00555,PF03945,"
"367","PF02650,PF14527,PF10298,"
"368","PF00072,PF00486,"
"369","PF13426,PF07228,"
"370","PF14398,"
"371","PF09580,"
"372","PF10609,"
"373","PF17854,PF09397,PF01580,"
"374","PF03330,PF05036,"
"375","PF02517,"
"376","PF01432,PF08439,"
"377","PF02518,PF00512,PF08448,PF13188,PF13426,"
"378","PF00578,"
"379","PF16576,"
"380","PF00005,"
"381","PF02687,PF12704,"
"382","PF00144,"
"383","PF01510,"
"384","PF01476,"
"385","PF05995,"
"386","PF01551,"
"387","PF01668,"
"388","PF01022,"
"389","PF03944,PF00555,PF03945,"
"390","PF03944,PF00555,PF03945,"
"391","PF13581,"
"392","PF13581,"
"393","PF13581,"
"394","PF09563,"
"395","PF02899,PF00589,"
"396","PF01510,PF01476,PF01471,"
"397","PF00005,"
"398","PF02518,PF17203,PF14689,"
"399","PF05090,"
"400","PF00005,"
"401","PF22694,PF17820,PF03572,PF01471,"
"402","PF01943,PF14667,"
"403","PF13672,"
"404","PF00583,"
"405","PF02687,PF12704,"
"406","PF17854,PF09397,PF01580,"
"407","PF02527,"
"408","PF17997,PF21463,PF03944,PF00555,PF03945,"
"409","PF13491,PF17854,PF01580,"
"410","PF17854,PF09397,PF01580,"
"411","PF13491,PF17854,PF09397,PF01580,"
"412","PF17997,PF21463,PF03944,PF18449,PF00555,PF03945,"
"413","PF03944,PF00555,PF03945,"
"414","PF17854,PF09397,PF01580,"
"415","PF03944,PF00555,PF03945,"
"416","PF03944,PF00555,PF03945,"
"417","PF03944,PF00555,PF03945,"
"418","PF05922,PF00082,"
"419","PF03505,"
"420","PF00269,"
"421","PF00269,"
"422","PF04259,"
"423","PF04542,PF08281,"
"424","PF00030,"
"425","PF00269,"
"426","PF17997,PF21463,PF03944,PF00555,PF03945,"
"427","PF10410,PF08275,PF13155,PF01807,"
"428","PF13275,"
"429","PF01016,"
"430","PF03979,PF00140,PF04542,PF04539,PF04545,"
"431","PF04542,PF04539,PF04545,"
"432","PF01473,PF19127,"
"433","PF04259,"
"434","PF13561,"
"435","PF03944,PF00555,PF03945,"
"436","PF17997,PF21463,PF03944,PF18449,PF00555,PF03945,"
"437","PF17997,PF21463,PF03944,PF18449,PF00555,PF03945,"
"438","PF17997,PF21463,PF03944,PF18449,PF00555,PF03945,"
"439","PF17997,PF03944,PF18449,PF00555,PF03945,"
"440","PF17997,PF21463,PF03944,PF18449,PF00555,PF03945,"
"441","PF17997,PF21463,PF03944,PF18449,PF00555,PF03945,"
"442","PF17997,PF21463,PF03944,PF18449,PF00555,PF03945,"
"443","PF17997,PF21463,PF03944,PF18449,PF00555,PF03945,"
"444","PF17997,PF21463,PF03944,PF18449,PF00555,PF03945,"
"445","PF17997,PF21463,PF03944,PF18449,PF00555,PF03945,"
"446","PF03944,PF09131,PF03945,"
"447","PF03944,PF00555,PF03945,"
"448","PF03944,PF00555,PF03945,"
"449","PF03944,PF00555,PF03945,"
"450","PF01338,"
"451","PF00072,PF08769,"
"452","PF00072,PF08769,"
"453","PF04397,PF00072,"
"454","PF02518,PF00989,PF17203,PF14689,"
"455","PF01580,PF12538,"
"456","PF05952,"
"457","PF17854,PF09397,PF01580,"
"458","PF17854,PF09397,PF01580,"
"459","PF00704,PF01476,"
"460","PF00877,PF08239,"
"461","PF13581,"
"462","PF04542,PF04545,"
"463","PF13561,"
"464","PF05431,"
"465","PF10628,"
"466","PF01510,PF12123,"
"467","PF06750,PF01478,"
"468","PF01025,"
"469","PF13715,PF13620,PF09136,PF20773,PF05922,PF00082,"
"470","PF14089,"
"471","PF17997,PF21463,PF03944,PF00555,PF03945,"
"472","PF04546,PF03979,PF00140,PF04542,PF04539,PF04545,"
"473","PF01262,PF05222,"
"474","PF00226,PF01556,PF00684,"
"475","PF07508,PF00239,PF13408,"
"476","PF04542,PF08281,"
"477","PF03944,PF00555,PF03945,"
"478","PF17997,PF21463,PF03944,PF00555,PF03945,"
"479","PF03944,PF09131,PF03945,"
"480","PF03945,"
"481","PF01649,"
"482","PF00269,"
"483","PF00269,"
"484","PF02784,PF00278,"
"485","PF00309,PF04963,PF04552,"
"486","PF07441,"
"487","PF13442,"
"488","PF01510,PF05257,PF08460,"
"489","PF01510,PF01471,"
"490","PF00437,"
"491","PF07963,"
"492","PF17762,PF02195,"
"493","PF13581,"
"494","PF10415,PF00206,"
"495","PF00528,PF19300,"
"496","PF00528,PF12911,"
"497","PF00005,PF08352,"
"498","PF00496,"
"499","PF10685,"
"500","PF00829,"
"501","PF00082,"
"502","PF05922,PF00082,"
"503","PF07307,"
"504","PF00383,"
"505","PF01248,"
"506","PF00144,PF11954,"
"507","PF10410,PF08275,PF13155,PF01807,"
"508","PF03979,PF00140,PF04542,PF04539,PF04545,"
"509","PF02578,"
"510","PF13581,"
"511","PF01520,PF05036,"
"512","PF06257,"
"513","PF13614,"
"514","PF17762,PF02195,"
"515","PF06725,PF03990,PF07501,"
"516","PF05582,"
"517","PF10955,"
"518","PF07873,"
"519","PF09578,"
"520","PF05036,"
"521","PF04101,PF03033,"
"522","PF00676,"
"523","PF02779,PF02780,"
"524","PF00679,PF00009,PF03144,PF06421,"
"525","PF05389,"
"526","PF01476,PF20918,"
"527","PF07943,PF00768,"
"528","PF03413,PF20769,PF14620,"
"529","PF00575,"
"530","PF00877,PF08239,"
"531","PF00781,PF19279,"
"532","PF06445,PF13411,"
"533","PF00128,PF02806,PF02922,"
"534","PF00285,"
"535","PF00483,"
"536","PF00343,"
"537","PF08323,PF00534,"
"538","PF13561,"
"539","PF17368,"
"540","PF12836,PF10531,"
"541","PF03772,PF13567,PF00753,"
"542","PF01510,PF01476,PF01471,"
"543","PF07690,"
"544","PF13491,PF17854,PF09397,PF01580,"
"545","PF08673,PF07228,"
"546","PF20085,"
"547","PF01225,PF02875,PF08245,"
"548","PF01544,"
"549","PF00269,"
"550","PF00072,PF08769,"
"551","PF00496,"
"552","PF00005,PF08352,"
"553","PF00005,PF08352,"
"554","PF02565,PF11967,"
"555","PF00072,PF00486,"
"556","PF07486,"
"557","PF00232,"
"558","PF00657,"
"559","PF02578,"
"560","PF02683,"
"561","PF02803,PF00108,"
"562","PF00725,PF02737,"
"563","PF19305,PF03972,"
"564","PF13091,"
"565","PF13411,"
"566","PF14410,PF04740,PF14449,"
"567","PF18801,PF13424,"
"568","PF01758,"
"569","PF00005,"
"570","PF00005,"
"571","PF02899,PF00589,"
"572","PF01676,"
"573","PF00707,PF05198,"
"574","PF01132,PF08207,PF09285,"
"575","PF12685,"
"576","PF00364,"
"577","PF02785,PF00289,PF02786,"
"578","PF07486,PF01471,"
"579","PF01522,"
"580","PF00448,PF02881,"
"581","PF00085,"
"582","PF00072,PF08769,"
"583","PF00072,PF08769,"
"584","PF00072,PF08769,"
"585","PF00072,PF08769,"
"586","PF00072,PF08769,"
"587","PF00072,PF08769,"
"588","PF00072,PF08769,"
"589","PF00072,PF08769,"
"590","PF00072,PF08769,"
"591","PF00072,PF08769,"
"592","PF00072,"
"593","PF06969,PF04055,"
"594","PF18317,PF01488,PF08501,"
"595","PF02347,"
"596","PF21478,PF02347,"
"597","PF01571,PF08669,"
"598","PF02091,"
"599","PF05746,PF02092,"
"600","PF00348,"
"601","PF00072,PF00486,"
"602","PF00672,PF00512,"
"603","PF00393,PF03446,"
"604","PF01926,PF21516,"
"605","PF01467,"
"606","PF01966,"
"607","PF06144,PF21694,"
"608","PF02401,"
"609","PF01261,"
"610","PF04551,"
"611","PF00884,"
"612","PF01220,"
"613","PF02601,PF13742,"
"614","PF02609,"
"615","PF13292,PF02779,PF02780,"
"616","PF13714,"
"617","PF07992,PF02852,"
"618","PF00497,"
"619","PF00528,"
"620","PF00005,"
"621","PF01039,"
"622","PF00817,PF11799,PF11798,"
"623","PF02781,PF00479,"
"624","PF03807,PF14748,"
"625","PF00485,"
"626","PF00817,PF11799,PF21999,"
"627","PF00293,"
"628","PF09580,"
"629","PF00005,"
"630","PF05975,"
"631","PF00471,"
"632","PF17997,PF21463,PF03944,PF18449,PF00555,PF03945,"
"633","PF17997,PF03944,PF03945,"
"634","PF17997,PF03944,PF03945,"
"635","PF00072,PF08769,"
"636","PF06415,PF01676,"
"637","PF02518,PF00989,PF17203,PF14689,"
"638","PF02518,PF00989,PF17203,PF14689,"
"639","PF13581,"
"640","PF13581,"
"641","PF13491,PF17854,PF09397,PF01580,"
"642","PF04397,PF00072,"
"643","PF04542,PF04545,"
"644","PF04542,PF04545,"
"645","PF17854,PF09397,PF01580,"
"646","PF17854,PF09397,PF01580,"
"647","PF17854,PF09397,PF01580,"
"648","PF17854,PF09397,PF01580,"
"649","PF13581,"
"650","PF04397,PF00072,"
"651","PF08175,"
"652","PF01551,"
"653","PF01381,PF08671,"
"654","PF06018,PF17853,PF13556,"
"655","PF01765,"
"656","PF00289,"
"657","PF00269,"
"658","PF00269,"
"659","PF04259,"
"660","PF09269,PF01018,PF01926,"
"661","PF17997,PF03944,PF18449,PF00555,PF03945,"
"662","PF02518,PF17203,PF14689,"
"663","PF18801,PF13424,"
"664","PF02650,PF14527,PF10298,"
"665","PF17762,PF02195,"
"666","PF13614,"
"667","PF13491,PF17854,PF09397,PF01580,"
"668","PF13491,PF17854,PF09397,PF01580,"
"669","PF01580,"
"670","PF03807,PF14748,"
"671","PF03775,PF22642,"
"672","PF14804,PF13083,PF01424,"
"673","PF01476,PF00246,"
"674","PF17997,PF21463,PF03944,PF00555,PF03945,"
"675","PF17997,PF21463,PF03944,PF18449,PF00555,PF03945,"
"676","PF17997,PF21463,PF03944,PF00555,PF03945,"
"677","PF17997,PF21463,PF03944,PF00555,PF03945,"
"678","PF17997,PF21463,PF03944,PF00555,PF03945,"
"679","PF01338,"
"680","PF02441,"
"681","PF00072,PF00486,"
"682","PF00471,"
"683","PF00011,"
"684","PF01905,"
"685","PF02518,PF00512,"
"686","PF17854,PF09397,PF01580,"
"687","PF02457,PF10635,"
"688","PF02457,PF10635,"
"689","PF13581,"
"690","PF13581,"
"691","PF04397,"
"692","PF08340,PF03755,"
"693","PF02457,PF10635,"
"694","PF13491,PF17854,PF09397,PF01580,"
"695","PF01554,"
"696","PF02457,PF10635,"
"697","PF04686,"
"698","PF04397,"
"699","PF02457,PF10635,PF12826,"
"700","PF03944,PF09131,PF03945,"
"701","PF08757,"
"702","PF00005,"
"703","PF17997,PF21463,PF03944,PF00555,PF03945,"
"704","PF17997,PF21463,PF03944,PF00555,PF03945,"
"705","PF17997,PF21463,PF03944,PF00555,PF03945,"
"706","PF17997,PF21463,PF03944,PF00555,PF03945,"
"707","PF17997,PF21463,PF03944,PF00555,PF03945,"
"708","PF03944,PF00555,PF03945,"
"709","PF17997,PF03944,PF03945,"
"710","PF17997,PF21463,PF03944,PF18449,PF00555,PF03945,"
"711","PF17997,PF21463,PF03944,PF18449,PF00555,PF03945,"
"712","PF17997,PF21463,PF03944,PF18449,PF00555,PF03945,"
"713","PF03945,"
"714","PF17997,PF21463,PF03944,PF00555,PF03945,"
"715","PF17997,PF21463,PF03944,PF18449,PF00555,PF03945,"
"716","PF17997,PF21463,PF03944,PF00555,PF03945,"
"717","PF03944,PF09131,PF03945,"
"718","PF03944,PF00555,PF03945,"
"719","PF17997,PF21463,PF03944,PF18449,PF00555,PF03945,"
"720","PF17997,PF21463,PF03944,PF18449,PF00555,PF03945,"
"721","PF17997,PF21463,PF03944,PF18449,PF00555,PF03945,"
"722","PF03944,PF00555,PF03945,"
"723","PF17997,PF03944,PF03945,"
"724","PF17997,PF03944,PF03945,"
"725","PF03944,PF00555,PF03945,"
"726","PF17997,PF03944,PF03945,"
"727","PF17997,PF21463,PF03944,PF00555,PF03945,"
"728","PF03944,PF00555,PF03945,"
"729","PF00072,PF00486,"
"730","PF04686,"
"731","PF13491,PF17854,PF09397,PF01580,"
"732","PF17997,PF21463,PF03944,PF18449,PF00555,PF03945,"
"733","PF17854,PF09397,PF01580,"
"734","PF17854,PF09397,PF01580,"
"735","PF13581,"
"736","PF01476,PF03734,"
"737","PF06415,PF01676,"
"738","PF13581,"
"739","PF02457,PF10635,"
"740","PF17854,PF09397,PF01580,"
"741","PF06415,PF01676,"
"742","PF13581,"
"743","PF02457,PF10635,"
"744","PF13411,"
"745","PF06415,PF01676,"
"746","PF13581,"
"747","PF01476,PF03734,"
"748","PF02457,PF10635,"
"749","PF02457,PF10635,PF00633,"
"750","PF13491,PF17854,PF09397,PF01580,"
"751","PF01476,"
"752","PF17854,PF09397,PF01580,"
"753","PF17854,PF09397,PF01580,"
"754","PF06415,PF01676,"
"755","PF13581,"
"756","PF02457,PF10635,"
"757","PF00501,PF13193,PF00668,PF00550,"
"758","PF00501,PF13193,PF00668,PF00550,"
"759","PF17762,PF02195,"
"760","PF13491,PF17854,PF09397,PF01580,"
"761","PF06415,PF01676,"
"762","PF13581,"
"763","PF02457,PF10635,"
"764","PF01899,"
"765","PF04025,"
"766","PF06415,PF01676,"
"767","PF13581,"
"768","PF17854,PF09397,PF01580,"
"769","PF14171,"
"770","PF02457,PF10635,"
"771","PF13581,"
"772","PF14171,"
"773","PF02457,PF10635,"
"774","PF17854,PF09397,PF01580,"
"775","PF02687,PF18075,"
"776","PF02457,PF10635,PF00633,"
"777","PF17854,PF09397,PF01580,"
"778","PF17854,PF09397,PF01580,"
"779","PF17854,PF09397,PF01580,"
"780","PF13491,PF17854,PF09397,PF01580,"
"781","PF13491,PF17854,PF09397,PF01580,"
"782","PF13491,PF17854,PF09397,PF01580,"
"783","PF13491,PF17854,PF09397,PF01580,"
"784","PF13491,PF17854,PF09397,PF01580,"
"785","PF13491,PF17854,PF09397,PF01580,"
"786","PF17854,PF09397,PF01580,"
"787","PF02457,PF10635,PF00633,"
"788","PF17854,PF09397,PF01580,"
"789","PF13491,PF17854,PF09397,PF01580,"
"790","PF03777,"
"791","PF17854,PF09397,PF01580,"
"792","PF17854,PF09397,PF01580,"
"793","PF01262,PF05222,"
"794","PF13491,PF17854,PF09397,PF01580,"
"795","PF00072,PF00486,"
"796","PF02687,PF18075,"
"797","PF17854,PF09397,PF01580,"
"798","PF17854,PF09397,PF01580,"
"799","PF13491,PF17854,PF09397,PF01580,"
"800","PF13581,"
"801","PF17854,PF09397,PF01580,"
"802","PF13491,PF17854,PF09397,PF01580,"
"803","PF13491,PF17854,PF09397,PF01580,"
"804","PF13491,PF17854,PF09397,PF01580,"
"805","PF13491,PF17854,PF09397,PF01580,"
"806","PF17854,PF09397,PF01580,"
"807","PF13491,PF17854,PF09397,PF01580,"
"808","PF13491,PF17854,PF09397,PF01580,"
"809","PF17854,PF09397,PF01580,"
"810","PF17854,PF09397,PF01580,"
"811","PF13491,PF17854,PF09397,PF01580,"
"812","PF13491,PF17854,PF09397,PF01580,"
"813","PF13491,PF17854,PF09397,PF01580,"
"814","PF13581,"
"815","PF13491,PF17854,PF09397,PF01580,"
"816","PF13491,PF17854,PF09397,PF01580,"
"817","PF05036,"
"818","PF03330,PF05036,"
"819","PF02457,PF10635,"
"820","PF00117,PF00958,PF02540,"
"821","PF13581,"
"822","PF13491,PF17854,PF09397,PF01580,"
"823","PF13491,PF17854,PF09397,PF01580,"
"824","PF13491,PF17854,PF09397,PF01580,"
"825","PF17854,PF09397,PF01580,"
"826","PF13491,PF17854,PF09397,PF01580,"
"827","PF13491,PF17854,PF09397,PF01580,"
"828","PF03330,PF05036,"
"829","PF03330,PF05036,"
"830","PF13491,PF17854,PF09397,PF01580,"
"831","PF13491,PF17854,PF09397,PF01580,"
"832","PF03330,PF05036,"
"833","PF17854,PF09397,PF01580,"
"834","PF13491,PF17854,PF09397,PF01580,"
"835","PF13491,PF17854,PF09397,PF01580,"
"836","PF01580,PF12538,"
"837","PF05431,"
"838","PF06355,"
"839","PF06781,"
"840","PF02457,PF10635,PF00633,"
"841","PF13581,"
"842","PF17854,PF09397,PF01580,"
"843","PF13491,PF17854,PF09397,PF01580,"
"844","PF02518,PF07730,"
"845","PF17997,PF21463,PF03944,PF00555,PF03945,"
"846","PF00574,"
"847","PF17854,PF09397,PF01580,"
"848","PF13491,PF17854,PF09397,PF01580,"
"849","PF17854,PF09397,PF01580,"
"850","PF13491,PF17854,PF09397,PF01580,"
"851","PF13491,PF17854,PF09397,PF01580,"
"852","PF17854,PF09397,PF01580,"
"853","PF13491,PF17854,PF09397,PF01580,"
"854","PF17854,PF09397,PF01580,"
"855","PF01547,"
"856","PF06415,PF01676,"
"857","PF02518,PF00989,PF17203,PF14689,"
"858","PF17854,PF09397,PF01580,"
"859","PF13581,"
"860","PF02457,PF10635,"
"861","PF03330,PF05036,"
"862","PF01316,PF02863,"
"863","PF13491,PF17854,PF09397,PF01580,"
"864","PF13491,PF17854,PF09397,PF01580,"
"865","PF02518,PF00989,PF17203,PF14689,"
"866","PF03944,PF09131,PF03945,"
"867","PF00285,"
"868","PF17997,PF21463,PF03944,PF00555,PF03945,"
"869","PF03944,PF00555,PF03945,"
"870","PF17997,PF21463,PF03944,PF00555,PF03945,"
"871","PF17997,PF21463,PF03944,PF00555,PF03945,"
"872","PF03330,PF05036,"
"873","PF03777,"
"874","PF02457,PF10635,PF00633,"
"875","PF03944,PF00555,PF03945,"
"876","PF13491,PF17854,PF09397,PF01580,"
"877","PF13491,PF17854,PF09397,PF01580,"
"878","PF17997,PF21463,PF03944,PF00555,PF03945,"
"879","PF17997,PF21463,PF03944,PF18449,PF00555,PF03945,"
"880","PF13491,PF17854,PF09397,PF01580,"
"881","PF03945,"
"882","PF17854,PF09397,PF01580,"
"883","PF17997,PF21463,PF03944,PF00555,PF03945,"
"884","PF02650,PF14527,PF10298,"
"885","PF17762,PF02195,"
"886","PF02650,PF14527,PF10298,"
"887","PF02650,PF14527,PF10298,"
"888","PF02650,PF14527,PF10298,"
"889","PF02650,PF14527,PF10298,"
"890","PF02650,PF14527,PF10298,"
"891","PF02650,PF14527,PF10298,"
"892","PF01047,"
"893","PF20085,"
"894","PF02650,PF14527,PF10298,"
"895","PF17762,PF02195,"
"896","PF02650,PF14527,PF10298,"
"897","PF02650,PF14527,PF10298,"
"898","PF02650,PF14527,PF10298,"
"899","PF02650,PF14527,PF10298,"
"900","PF02650,PF14527,PF10298,"
"901","PF02650,PF14527,PF10298,"
"902","PF02650,PF14527,PF10298,"
"903","PF02650,PF14527,PF10298,"
"904","PF02650,PF14527,PF10298,"
"905","PF02650,PF14527,PF10298,"
"906","PF02650,PF14527,PF10298,"
"907","PF04686,"
"908","PF02650,PF14527,PF10298,"
"909","PF08176,"
"910","PF01047,"
"911","PF08179,"
"912","PF08175,"
"913","PF08141,"
"914","PF08177,"
"915","PF19824,"
"916","PF08141,"
"917","PF08141,"
"918","PF02650,PF14527,PF10298,"
"919","PF17762,PF02195,"
"920","PF02650,PF14527,PF10298,"
"921","PF02650,PF14527,PF10298,"
"922","PF02650,PF14527,PF10298,"
"923","PF02650,PF14527,PF10298,"
"924","PF02650,PF14527,PF10298,"
"925","PF04686,"
"926","PF02650,PF14527,PF10298,"
"927","PF02650,PF14527,PF10298,"
"928","PF02650,PF14527,PF10298,"
"929","PF02650,PF14527,PF10298,"
"930","PF02650,PF14527,PF10298,"
"931","PF02650,PF14527,PF10298,"
"932","PF02650,PF14527,PF10298,"
"933","PF02650,PF14527,PF10298,"
"934","PF02650,PF14527,PF10298,"
"935","PF02650,PF14527,PF10298,"
"936","PF08141,"
"937","PF02650,PF14527,PF10298,"
"938","PF02650,PF14527,PF10298,"
"939","PF02650,PF14527,PF10298,"
"940","PF04686,"
"941","PF02650,PF14527,PF10298,"
"942","PF02650,PF14527,PF10298,"
"943","PF04026,"
"944","PF08176,"
"945","PF08141,"
"946","PF01047,"
"947","PF08141,"
"948","PF08177,"
"949","PF08175,"
"950","PF08179,"
"951","PF20085,"
"952","PF02650,PF14527,PF10298,"
"953","PF17762,PF02195,"
"954","PF02650,PF14527,PF10298,"
"955","PF04026,"
"956","PF08141,"
"957","PF08176,"
"958","PF01047,"
"959","PF08179,"
"960","PF08175,"
"961","PF08177,"
"962","PF19824,"
"963","PF02650,PF14527,PF10298,"
"964","PF17762,PF02195,"
"965","PF02650,PF14527,PF10298,"
"966","PF04026,"
"967","PF08176,"
"968","PF01047,"
"969","PF08179,"
"970","PF08175,"
"971","PF08177,"
"972","PF20085,"
"973","PF02650,PF14527,PF10298,"
"974","PF17762,PF02195,"
"975","PF02650,PF14527,PF10298,"
"976","PF02650,PF14527,PF10298,"
"977","PF02650,PF14527,PF10298,"
"978","PF02650,PF14527,PF10298,"
"979","PF02650,PF14527,PF10298,"
"980","PF02650,PF14527,PF10298,"
"981","PF01047,"
"982","PF04026,"
"983","PF08175,"
"984","PF02650,PF14527,PF10298,"
"985","PF08176,"
"986","PF17762,PF02195,"
"987","PF20085,"
"988","PF02650,PF14527,PF10298,"
"989","PF02650,PF14527,PF10298,"
"990","PF02650,PF14527,PF10298,"
"991","PF02650,PF14527,PF10298,"
"992","PF04026,"
"993","PF02650,PF14527,PF10298,"
"994","PF05389,"
"995","PF17762,PF02195,"
"996","PF01047,"
"997","PF02650,PF14527,PF10298,"
"998","PF02650,PF14527,PF10298,"
"999","PF02650,PF14527,PF10298,"
"1000","PF02650,PF14527,PF10298,"
"1001","PF02650,PF14527,PF10298,"
"1002","PF02650,PF14527,PF10298,"
"1003","PF02650,PF14527,PF10298,"
"1004","PF02650,PF14527,PF10298,"
"1005","PF02650,PF14527,PF10298,"
"1006","PF01047,"
"1007","PF02650,PF14527,PF10298,"
"1008","PF02650,PF14527,PF10298,"
"1009","PF02650,PF14527,PF10298,"
"1010","PF02650,PF14527,PF10298,"
"1011","PF02650,PF14527,PF10298,"
"1012","PF02650,PF14527,PF10298,"
"1013","PF02650,PF14527,PF10298,"
"1014","PF02650,PF14527,PF10298,"
"1015","PF02650,PF14527,PF10298,"
"1016","PF02650,PF14527,PF10298,"
"1017","PF02650,PF14527,PF10298,"
"1018","PF02650,PF14527,PF10298,"
"1019","PF04026,"
"1020","PF02650,PF14527,PF10298,"
"1021","PF08175,"
"1022","PF08177,"
"1023","PF02650,PF14527,PF10298,"
"1024","PF02650,PF14527,PF10298,"
"1025","PF20085,"
"1026","PF08176,"
"1027","PF08177,"
"1028","PF08175,"
"1029","PF02650,PF14527,PF10298,"
"1030","PF01047,"
"1031","PF17762,PF02195,"
"1032","PF04026,"
"1033","PF20085,"
"1034","PF04026,"
"1035","PF08176,"
"1036","PF02650,PF14527,PF10298,"
"1037","PF17762,PF02195,"
"1038","PF01047,"
"1039","PF08177,"
"1040","PF08175,"
"1041","PF01047,"
"1042","PF02650,PF14527,PF10298,"
"1043","PF08177,"
"1044","PF08175,"
"1045","PF17762,PF02195,"
"1046","PF04026,"
"1047","PF20085,"
"1048","PF08176,"
"1049","PF01047,"
"1050","PF02650,PF14527,PF10298,"
"1051","PF08177,"
"1052","PF08175,"
"1053","PF17762,PF02195,"
"1054","PF04026,"
"1055","PF20085,"
"1056","PF08176,"
"1057","PF02650,PF14527,PF10298,"
"1058","PF02650,PF14527,PF10298,"
"1059","PF17762,PF02195,"
"1060","PF02650,PF14527,"
"1061","PF02650,PF14527,PF10298,"
"1062","PF13614,"
"1063","PF02650,PF14527,PF10298,"
"1064","PF02650,PF14527,PF10298,"
"1065","PF04026,"
"1066","PF02650,PF14527,PF10298,"
"1067","PF02650,PF14527,PF10298,"
"1068","PF02650,PF14527,PF10298,"
"1069","PF04026,"
"1070","PF04026,"
"1071","PF02650,PF14527,PF10298,"
"1072","PF17762,PF02195,"
"1073","PF01047,"
"1074","PF08177,"
"1075","PF08175,"
"1076","PF20085,"
"1077","PF08176,"
"1078","PF02650,PF14527,PF10298,"
"1079","PF02650,PF14527,PF10298,"
"1080","PF09680,"
"1081","PF08486,"
"1082","PF02659,"
"1083","PF05949,"
"1084","PF02650,PF14527,PF10298,"
"1085","PF02650,PF14527,PF10298,"
"1086","PF02650,PF14527,PF10298,"
"1087","PF01047,"
"1088","PF08177,"
"1089","PF08175,"
"1090","PF20085,"
"1091","PF17762,PF02195,"
"1092","PF04026,"
"1093","PF08176,"
"1094","PF02650,PF14527,PF10298,"
"1095","PF02650,PF14527,PF10298,"
"1096","PF17762,PF02195,"
"1097","PF08175,"
"1098","PF08177,"
"1099","PF01047,"
"1100","PF02650,PF14527,PF10298,"
"1101","PF17762,PF02195,"
"1102","PF08176,"
"1103","PF20085,"
"1104","PF04026,"
"1105","PF02650,PF14527,PF10298,"
"1106","PF01047,"
"1107","PF17762,PF02195,"
"1108","PF08177,"
"1109","PF08175,"
"1110","PF20085,"
"1111","PF04026,"
"1112","PF08176,"
"1113","PF02650,PF14527,PF10298,"
"1114","PF02650,PF14527,PF10298,"
"1115","PF02650,PF14527,PF10298,"
"1116","PF02650,PF14527,PF10298,"
"1117","PF08177,"
"1118","PF08176,"
"1119","PF01047,"
"1120","PF02650,PF14527,PF10298,"
"1121","PF17762,PF02195,"
"1122","PF08179,"
"1123","PF09680,"
"1124","PF10676,"
"1125","PF10970,"
"1126","PF10737,"
"1127","PF10803,"
"1128","PF10676,"
"1129","PF09388,"
"1130","PF01734,"
"1131","PF08031,PF01565,"
"1132","PF14147,"
"1133","PF14398,"
"1134","PF17762,PF02195,"
"1135","PF08141,"
"1136","PF14153,"
"1137","PF07098,"
"1138","PF14069,"
"1139","PF13524,PF01476,"
"1140","PF04893,"
"1141","PF05239,"
"1142","PF05908,"
"1143","PF09388,"
"1144","PF00578,"
"1145","PF09560,"
"1146","PF01338,"
"1147","PF01740,"
"1148","PF01740,"
"1149","PF01740,"
"1150","PF06133,"
"1151","PF02322,"
"1152","PF01636,"
"1153","PF00392,"
"1154","PF07670,"
"1155","PF10035,PF02588,"
"1156","PF09579,"
"1157","PF17418,"
"1158","PF12679,"
"1159","PF03413,"
"1160","PF17762,PF02195,"
"1161","PF01809,"
"1162","PF05389,"
"1163","PF05036,"
"1164","PF10737,"
"1165","PF10970,"
"1166","PF17762,PF02195,"
"1167","PF13614,"
"1168","PF17762,PF02195,"
"1169","PF00269,"
"1170","PF00030,"
"1171","PF00269,"
"1172","PF00269,"
"1173","PF00269,"
"1174","PF00269,"
"1175","PF00269,"
"1176","PF00269,"
"1177","PF08486,"
"1178","PF04259,"
"1179","PF04259,"
"1180","PF04259,"
"1181","PF04397,PF00072,"
"1182","PF04397,PF00072,"
"1183","PF04397,PF00072,"
"1184","PF17762,PF02195,"
"1185","PF17762,PF02195,"
"1186","PF17997,PF21463,PF03944,PF18449,PF00555,PF03945,"
"1187","PF03944,PF09131,PF03945,"
"1188","PF01338,"
"1189","PF10803,"
"1190","PF07486,PF01471,"
"1191","PF00269,"
"1192","PF00269,"
"1193","PF00269,"
"1194","PF00269,"
"1195","PF00269,"
"1196","PF00269,"
"1197","PF17762,PF02195,"
"1198","PF04397,PF00072,"
"1199","PF04397,PF00072,"
"1200","PF04397,PF00072,"
"1201","PF13614,"
"1202","PF17762,PF02195,"
"1203","PF02650,PF14527,PF10298,"
"1204","PF02650,PF14527,PF10298,"
"1205","PF04397,PF00072,"
"1206","PF00269,"
"1207","PF00269,"
"1208","PF00269,"
"1209","PF00196,"
"1210","PF08486,"
"1211","PF12116,"
"1212","PF17898,"
"1213","PF02639,"
"1214","PF01728,PF01479,"
"1215","PF01842,PF00800,"
"1216","PF04299,"
"1217","PF01165,"
"1218","PF00269,"
"1219","PF00269,"
"1220","PF01580,"
"1221","PF07875,"
"1222","PF08671,"
"1223","PF01381,"
"1224","PF05105,"
"1225","PF01628,"
"1226","PF00482,"
"1227","PF04542,PF04539,PF04545,"
"1228","PF03419,"
"1229","PF01740,"
"1230","PF04327,"
"1231","PF00004,PF17866,"
"1232","PF05229,"
"1233","PF04026,"
"1234","PF04026,"
"1235","PF03323,"
"1236","PF07690,"
"1237","PF04542,PF04545,"
"1238","PF04542,PF04539,PF04545,"
"1239","PF03477,PF22811,"
"1240","PF04542,PF04539,PF04545,"
"1241","PF01740,"
"1242","PF07670,"
"1243","PF07670,"
"1244","PF00471,"
"1245","PF10112,"
"1246","PF01195,"
"1247","PF04977,"
"1248","PF04468,"
"1249","PF00269,"
"1250","PF00575,"
"1251","PF00830,"
"1252","PF04293,"
"1253","PF00672,PF07228,"
"1254","PF00584,"
"1255","PF00571,"
"1256","PF00850,"
"1257","PF10646,"
"1258","PF00483,"
"1259","PF03807,PF14748,"
"1260","PF13772,PF06094,"
"1261","PF12690,"
"1262","PF06445,PF13411,"
"1263","PF06800,"
"1264","PF06800,"
"1265","PF06103,"
"1266","PF12164,"
"1267","PF07451,"
"1268","PF06898,"
"1269","PF00528,PF19300,"
"1270","PF00528,PF12911,"
"1271","PF12996,PF13524,"
"1272","PF00535,"
"1273","PF00583,"
"1274","PF02333,"
"1275","PF17854,PF09397,PF01580,"
"1276","PF05036,"
"1277","PF12327,PF00091,"
"1278","PF03799,PF08478,"
"1279","PF08478,"
"1280","PF04232,"
"1281","PF10747,"
"1282","PF00441,PF02770,PF02771,"
"1283","PF05866,"
"1284","PF04466,PF17288,"
"1285","PF14550,"
"1286","PF11436,"
"1287","PF10145,PF01464,"
"1288","PF05076,"
"1289","PF01022,"
"1290","PF12849,"
"1291","PF00528,"
"1292","PF00528,"
"1293","PF02562,"
"1294","PF02130,"
"1295","PF13439,PF00534,"
"1296","PF02650,PF14527,"
"1297","PF07228,PF19732,"
"1298","PF05389,"
"1299","PF00072,PF08769,"
"1300","PF08769,"
"1301","PF00269,"
"1302","PF00269,"
"1303","PF00269,"
"1304","PF00571,PF01595,PF03471,"
"1305","PF00753,PF00581,"
"1306","PF02525,"
"1307","PF06146,"
"1308","PF00657,"
"1309","PF08282,PF13242,"
"1310","PF02410,"
"1311","PF13649,"
"1312","PF06325,"
"1313","PF04452,PF20260,"
"1314","PF02690,"
"1315","PF01957,PF01972,"
"1316","PF01784,"
"1317","PF07690,"
"1318","PF01812,"
"1319","PF00246,"
"1320","PF00753,"
"1321","PF00571,PF01595,PF03471,"
"1322","PF00271,PF00176,"
"1323","PF01734,"
"1324","PF01321,PF00557,"
"1325","PF01029,"
"1326","PF00724,"
"1327","PF01520,"
"1328","PF03009,"
"1329","PF02954,PF00989,PF00158,"
"1330","PF01515,"
"1331","PF00208,PF02812,"
"1332","PF00871,"
"1333","PF03734,"
"1334","PF13669,"
"1335","PF07687,PF01546,"
"1336","PF00753,"
"1337","PF00106,"
"1338","PF00291,"
"1339","PF07690,"
"1340","PF00583,PF04229,"
"1341","PF00248,"
"1342","PF03553,"
"1343","PF07875,"
"1344","PF12787,"
"1345","PF18483,PF16403,"
"1346","PF03944,PF09131,PF03945,"
"1347","PF03944,PF09131,PF03945,"
"1348","PF07486,"
"1349","PF07486,PF01471,"
"1350","PF04397,PF00072,"
"1351","PF04397,PF00072,"
"1352","PF10676,"
"1353","PF10676,"
"1354","PF04542,PF04545,"
"1355","PF04542,PF04545,"
"1356","PF04542,PF04545,"
"1357","PF04542,PF04545,"
"1358","PF10676,"
"1359","PF10676,"
"1360","PF10676,"
"1361","PF01740,"
"1362","PF08179,"
"1363","PF04892,"
"1364","PF00535,"
"1365","PF07070,"
"1366","PF02650,PF14527,"
"1367","PF03944,PF00555,"
"1368","PF09580,"
"1369","PF04397,PF00072,"
"1370","PF14098,"
"1371","PF01338,"
"1372","PF01037,PF13412,"
"1373","PF01037,PF13404,"
"1374","PF00011,"
"1375","PF02650,PF14527,PF10298,"
"1376","PF17762,PF02195,"
"1377","PF13614,"
"1378","PF01580,"
"1379","PF01580,"
"1380","PF01580,"
"1381","PF01580,"
"1382","PF01580,"
"1383","PF01580,"
"1384","PF00269,"
"1385","PF01943,PF14667,"
"1386","PF02650,PF14527,PF10298,"
"1387","PF02650,PF14527,PF10298,"
"1388","PF02650,PF14527,PF10298,"
"1389","PF02650,PF14527,PF10298,"
"1390","PF02650,PF14527,PF10298,"
"1391","PF02650,PF14527,PF10298,"
"1392","PF02650,PF14527,PF10298,"
"1393","PF01580,"
"1394","PF02650,PF14527,PF10298,"
"1395","PF02650,PF14527,PF10298,"
"1396","PF02650,PF14527,PF10298,"
"1397","PF01381,"
"1398","PF10612,"
"1399","PF10612,"
"1400","PF08810,"
"1401","PF02650,PF14527,PF10298,"
"1402","PF02650,PF14527,PF10298,"
"1403","PF02650,PF14527,PF10298,"
"1404","PF04026,"
"1405","PF06018,PF08222,"
"1406","PF02650,PF14527,PF10298,"
"1407","PF02650,PF14527,PF10298,"
"1408","PF02650,PF14527,PF10298,"
"1409","PF04026,"
"1410","PF11155,"
"1411","PF02650,PF14527,PF10298,"
"1412","PF02650,PF14527,PF10298,"
"1413","PF02650,PF14527,PF10298,"
"1414","PF02650,PF14527,PF10298,"
"1415","PF02650,PF14527,PF10298,"
"1416","PF02650,PF14527,PF10298,"
"1417","PF17762,PF02195,"
"1418","PF02650,PF14527,PF10298,"
"1419","PF02650,PF14527,PF10298,"
"1420","PF02650,PF14527,PF10298,"
"1421","PF01554,"
"1422","PF04397,PF00072,"
"1423","PF02650,PF14527,PF10298,"
"1424","PF04026,"
"1425","PF04686,"
"1426","PF02650,PF14527,PF10298,"
"1427","PF02650,PF14527,PF10298,"
"1428","PF02650,PF14527,PF10298,"
"1429","PF04397,PF00072,"
"1430","PF01554,"
"1431","PF02650,PF14527,PF10298,"
"1432","PF02650,PF14527,PF10298,"
"1433","PF02650,PF14527,PF10298,"
"1434","PF19824,"
"1435","PF04072,"
"1436","PF02308,"
"1437","PF17997,PF03944,PF00555,"
"1438","PF01338,"
"1439","PF03318,"
"1440","PF01338,"
"1441","PF03419,"
"1442","PF02650,PF14527,PF10298,"
"1443","PF02650,PF14527,PF10298,"
"1444","PF01554,"
"1445","PF02650,PF14527,PF10298,"
"1446","PF04397,PF00072,"
"1447","PF02650,PF14527,PF10298,"
"1448","PF02650,PF14527,PF10298,"
"1449","PF01554,"
"1450","PF04397,PF00072,"
"1451","PF17762,PF02195,"
"1452","PF17762,PF02195,"
"1453","PF01580,"
"1454","PF03330,PF05036,"
"1455","PF02650,PF14527,PF10298,"
"1456","PF04397,PF00072,"
"1457","PF02650,PF14527,PF10298,"
"1458","PF01554,"
"1459","PF01580,PF12538,"
"1460","PF04397,PF00072,"
"1461","PF04397,PF00072,"
"1462","PF04397,PF00072,"
"1463","PF02650,PF14527,PF10298,"
"1464","PF04026,"
"1465","PF17762,PF02195,"
"1466","PF13411,"
"1467","PF02650,PF14527,PF10298,"
"1468","PF08141,"
"1469","PF08177,"
"1470","PF08141,"
"1471","PF08175,"
"1472","PF08179,"
"1473","PF01047,"
"1474","PF08176,"
"1475","PF02650,PF14527,PF10298,"
"1476","PF02650,PF14527,PF10298,"
"1477","PF04026,"
"1478","PF17762,PF02195,"
"1479","PF19824,"
"1480","PF02650,PF14527,PF10298,"
"1481","PF13411,"
"1482","PF01047,"
"1483","PF08176,"
"1484","PF02650,PF14527,PF10298,"
"1485","PF02650,PF14527,PF10298,"
"1486","PF17762,PF02195,"
"1487","PF02650,PF14527,PF10298,"
"1488","PF20085,"
"1489","PF01047,"
"1490","PF08141,"
"1491","PF04026,"
"1492","PF17762,PF02195,"
"1493","PF02650,PF14527,PF10298,"
"1494","PF20085,"
"1495","PF08141,"
"1496","PF19824,"
"1497","PF08177,"
"1498","PF08175,"
"1499","PF08179,"
"1500","PF01047,"
"1501","PF08176,"
"1502","PF13472,"
"1503","PF04026,"
"1504","PF04026,"
"1505","PF02650,PF14527,PF10298,"
"1506","PF02650,PF14527,PF10298,"
"1507","PF02650,PF14527,PF10298,"
"1508","PF04397,PF00072,"
"1509","PF02650,PF14527,PF10298,"
"1510","PF01554,"
"1511","PF01580,PF12538,"
"1512","PF04397,PF00072,"
"1513","PF04397,PF00072,"
"1514","PF02650,PF14527,PF10298,"
"1515","PF01554,"
"1516","PF01580,PF12538,"
"1517","PF04397,PF00072,"
"1518","PF17762,PF02195,"
"1519","PF02650,PF14527,PF10298,"
"1520","PF20085,"
"1521","PF01047,"
"1522","PF08141,"
"1523","PF04026,"
"1524","PF02650,PF14527,PF10298,"
"1525","PF00975,"
"1526","PF17762,PF02195,"
"1527","PF02650,PF14527,PF10298,"
"1528","PF04026,"
"1529","PF04026,"
"1530","PF17762,PF02195,"
"1531","PF02650,PF14527,PF10298,"
"1532","PF08179,"
"1533","PF08175,"
"1534","PF08177,"
"1535","PF01047,"
"1536","PF08141,"
"1537","PF08176,"
"1538","PF04026,"
"1539","PF02650,PF14527,PF10298,"
"1540","PF02650,PF14527,PF10298,"
"1541","PF02650,PF14527,PF10298,"
"1542","PF02650,PF14527,PF10298,"
"1543","PF02650,PF14527,PF10298,"
"1544","PF04026,"
"1545","PF01554,"
"1546","PF02650,PF14527,PF10298,"
"1547","PF09575,"
"1548","PF08177,"
"1549","PF08176,"
"1550","PF02650,PF14527,PF10298,"
"1551","PF01047,"
"1552","PF17762,PF02195,"
"1553","PF04397,PF00072,"
"1554","PF20085,"
"1555","PF08179,"
"1556","PF08175,"
"1557","PF08177,"
"1558","PF08141,"
"1559","PF05389,"
"1560","PF05389,"
"1561","PF08141,"
"1562","PF08176,"
"1563","PF04026,"
"1564","PF01047,"
"1565","PF17762,PF02195,"
"1566","PF04397,PF00072,"
"1567","PF20085,"
"1568","PF08141,"
"1569","PF05389,"
"1570","PF05389,"
"1571","PF08141,"
"1572","PF04026,"
"1573","PF02650,PF14527,PF10298,"
"1574","PF08175,"
"1575","PF08177,"
"1576","PF08176,"
"1577","PF02650,PF14527,PF10298,"
"1578","PF04397,PF00072,"
"1579","PF02650,PF14527,PF10298,"
"1580","PF17762,PF02195,"
"1581","PF02650,PF14527,PF10298,"
"1582","PF02650,PF14527,PF10298,"
"1583","PF17762,PF02195,"
"1584","PF02650,PF14527,PF10298,"
"1585","PF02650,PF14527,PF10298,"
"1586","PF04026,"
"1587","PF04397,PF00072,"
"1588","PF04397,PF00072,"
"1589","PF02650,PF14527,PF10298,"
"1590","PF08179,"
"1591","PF02650,PF14527,PF10298,"
"1592","PF02650,PF14527,PF10298,"
"1593","PF04397,PF00072,"
"1594","PF02650,PF14527,PF10298,"
"1595","PF04397,PF00072,"
"1596","PF02650,PF14527,PF10298,"
"1597","PF04397,PF00072,"
"1598","PF04397,PF00072,"
"1599","PF17762,PF02195,"
"1600","PF02650,PF14527,PF10298,"
"1601","PF05389,"
"1602","PF04397,PF00072,"
"1603","PF19824,"
"1604","PF04397,PF00072,"
"1605","PF02650,PF14527,PF10298,"
"1606","PF02650,PF14527,PF10298,"
"1607","PF02650,PF14527,PF10298,"
"1608","PF01554,"
"1609","PF01580,PF12538,"
"1610","PF04397,PF00072,"
"1611","PF02650,PF14527,PF10298,"
"1612","PF02650,PF14527,PF10298,"
"1613","PF04026,"
"1614","PF02650,PF14527,PF10298,"
"1615","PF17762,PF02195,"
"1616","PF02650,PF14527,PF10298,"
"1617","PF04026,"
"1618","PF04397,PF00072,"
"1619","PF04397,PF00072,"
"1620","PF04397,PF00072,"
"1621","PF17854,PF01580,"
"1622","PF17762,PF02195,"
"1623","PF02650,PF14527,PF10298,"
"1624","PF04026,"
"1625","PF04397,PF00072,"
"1626","PF02650,PF14527,PF10298,"
"1627","PF02650,PF14527,PF10298,"
"1628","PF01554,"
"1629","PF01580,PF12538,"
"1630","PF02650,PF14527,PF10298,"
"1631","PF02650,PF14527,PF10298,"
"1632","PF02650,PF14527,PF10298,"
"1633","PF03330,PF05036,"
"1634","PF17762,PF02195,"
"1635","PF17762,PF02195,"
"1636","PF17762,PF02195,"
"1637","PF13614,"
"1638","PF20085,"
"1639","PF07486,"
"1640","PF02650,PF14527,PF10298,"
"1641","PF05389,"
"1642","PF08179,"
"1643","PF08175,"
"1644","PF08177,"
"1645","PF19824,"
"1646","PF08141,"
"1647","PF13411,"
"1648","PF07486,PF01471,"
"1649","PF05389,"
"1650","PF02683,"
"1651","PF01047,"
"1652","PF08176,"
"1653","PF04026,"
"1654","PF04397,PF00072,"
"1655","PF17762,PF02195,"
"1656","PF04397,PF00072,"
"1657","PF17762,PF02195,"
"1658","PF03330,PF05036,"
"1659","PF17762,PF02195,"
"1660","PF17762,PF02195,"
"1661","PF17854,PF09397,PF01580,"
"1662","PF17762,PF02195,"
"1663","PF02650,PF14527,PF10298,"
"1664","PF22740,PF03668,"
"1665","PF17762,PF02195,"
"1666","PF12127,"
"1667","PF03323,"
"1668","PF03330,PF05036,"
"1669","PF17762,PF02195,"
"1670","PF04026,"
"1671","PF19824,"
"1672","PF04026,"
"1673","PF08141,"
"1674","PF04026,"
"1675","PF04026,"
"1676","PF04026,"
"1677","PF08141,"
"1678","PF08141,"
"1679","PF04026,"
"1680","PF04026,"
"1681","PF04026,"
"1682","PF04026,"
"1683","PF08141,"
"1684","PF04026,"
"1685","PF04026,"
"1686","PF04026,"
"1687","PF04026,"
"1688","PF08141,"
"1689","PF08141,"
"1690","PF08141,"
"1691","PF08141,"
"1692","PF04026,"
"1693","PF14098,"
"1694","PF04026,"
"1695","PF14098,"
"1696","PF19824,"
"1697","PF04026,"
"1698","PF04026,"
"1699","PF04026,"
"1700","PF14098,"
"1701","PF04026,"
"1702","PF04026,"
"1703","PF04026,"
"1704","PF04026,"
"1705","PF04026,"
"1706","PF04026,"
"1707","PF04026,"
"1708","PF04026,"
"1709","PF04026,"
"1710","PF04026,"
"1711","PF04026,"
"1712","PF04026,"
"1713","PF04026,"
"1714","PF19824,"
"1715","PF14098,"
"1716","PF19824,"
"1717","PF14098,"
"1718","PF04026,"
"1719","PF19824,"
"1720","PF14098,"
"1721","PF19824,"
"1722","PF14098,"
"1723","PF04026,"
"1724","PF07875,"
"1725","PF03862,"
"1726","PF10042,"
"1727","PF04026,"
"1728","PF19824,"
"1729","PF14098,"
"1730","PF04026,"
"1731","PF04026,"
"1732","PF14098,"
"1733","PF19824,"
"1734","PF19824,"
"1735","PF14098,"
"1736","PF04026,"
"1737","PF04026,"
"1738","PF04026,"
"1739","PF19824,"
"1740","PF04026,"
"1741","PF14098,"
"1742","PF07875,"
"1743","PF08757,"
"1744","PF17418,"
"1745","PF07875,"
"1746","PF01943,"
"1747","PF04026,"
"1748","PF10740,"
"1749","PF11122,"
"1750","PF13614,"
"1751","PF13614,"
"1752","PF10803,"
"1753","PF13279,"
"1754","PF01842,"
"1755","PF07029,"
"1756","PF04293,"
"1757","PF10882,"
"1758","PF05239,"
"1759","PF13047,"
"1760","PF10704,"
"1761","PF05816,"
"1762","PF05552,"
"1763","PF07454,"
"1764","PF14520,PF13263,"
"1765","PF12438,"
"1766","PF09551,"
"1767","PF12732,"
"1768","PF13782,"
"1769","PF03862,"
"1770","PF14097,"
"1771","PF06114,"
"1772","PF13238,"
"1773","PF01381,"
"1774","PF01381,"
"1775","PF01381,"
"1776","PF17448,"
"1777","PF09466,"
"1778","PF09588,"
"1779","PF03837,"
"1780","PF07261,"
"1781","PF00308,"
"1782","PF17356,"
"1783","PF10668,"
"1784","PF04860,"
"1785","PF04233,"
"1786","PF14553,PF21488,"
"1787","PF12206,"
"1788","PF04883,"
"1789","PF20765,"
"1790","PF22671,PF04984,PF17482,PF17481,"
"1791","PF09393,"
"1792","PF08890,"
"1793","PF01476,"
"1794","PF10844,"
"1795","PF10934,"
"1796","PF04865,"
"1797","PF10076,"
"1798","PF09636,"
"1799","PF09693,"
"1800","PF08892,"
"1801","PF00903,"
"1802","PF01554,"
"1803","PF10942,"
"1804","PF06686,"
"1805","PF06686,"
"1806","PF09581,"
"1807","PF01554,"
"1808","PF17334,"
"1809","PF07883,"
"1810","PF02583,"
"1811","PF13686,"
"1812","PF00581,PF01206,"
"1813","PF01206,"
"1814","PF01925,"
"1815","PF13787,"
"1816","PF00583,"
"1817","PF04235,PF07786,"
"1818","PF09335,"
"1819","PF01985,"
"1820","PF09424,"
"1821","PF07873,"
"1822","PF06898,"
"1823","PF14181,"
"1824","PF11116,"
"1825","PF10035,PF02588,"
"1826","PF06691,"
"1827","PF04306,"
"1828","PF13439,PF00534,"
"1829","PF06014,"
"1830","PF21101,"
"1831","PF01910,"
"1832","PF10958,"
"1833","PF11117,"
"1834","PF11079,"
"1835","PF00581,"
"1836","PF07136,"
"1837","PF11085,"
"1838","PF03780,"
"1839","PF06081,PF11728,"
"1840","PF09844,"
"1841","PF00561,"
"1842","PF01546,"
"1843","PF13669,"
"1844","PF08863,"
"1845","PF00583,"
"1846","PF03992,"
"1847","PF01521,"
"1848","PF10827,"
"1849","PF12146,"
"1850","PF13025,"
"1851","PF03413,PF20769,PF14620,"
"1852","PF01554,"
"1853","PF10957,"
"1854","PF19568,"
"1855","PF09548,"
"1856","PF05239,"
"1857","PF01580,"
"1858","PF07552,"
"1859","PF07552,"
"1860","PF04026,"
"1861","PF04026,"
"1862","PF04026,"
"1863","PF04026,"
"1864","PF04026,"
"1865","PF04026,"
"1866","PF04026,"
"1867","PF04026,"
"1868","PF04026,"
"1869","PF05036,"
"1870","PF04026,"
"1871","PF14098,"
"1872","PF19824,"
"1873","PF04026,"
"1874","PF14098,"
"1875","PF14098,"
"1876","PF19824,"
"1877","PF14098,"
"1878","PF04026,"
"1879","PF04026,"
"1880","PF04026,"
"1881","PF14098,"
"1882","PF19824,"
"1883","PF04026,"
"1884","PF04026,"
"1885","PF14098,"
"1886","PF19824,"
"1887","PF08141,"
"1888","PF04026,"
"1889","PF04026,"
"1890","PF14098,"
"1891","PF19824,"
"1892","PF14098,"
"1893","PF19824,"
"1894","PF04397,PF00072,"
"1895","PF04397,PF00072,"
"1896","PF04397,PF00072,"
"1897","PF14098,"
"1898","PF04026,"
"1899","PF04026,"
"1900","PF04026,"
"1901","PF14098,"
"1902","PF04026,"
"1903","PF04026,"
"1904","PF05036,"
"1905","PF04026,"
"1906","PF04026,"
"1907","PF14098,"
"1908","PF09388,"
"1909","PF03413,PF20769,PF14620,"
"1910","PF05036,"
